n,cenario,algoritmo,media,min,max,desvio,memoria
1000,aleatorio,Bubble,11443636,4168450,21757427,5047499.979034732,0
1000,aleatorio,Insertion,2657272,1586017,3537524,546824.2455139837,0
1000,aleatorio,Selection,1387760,895450,2897993,715500.788928723,0
1000,aleatorio,Merge,173916,112019,540227,118744.68500026643,0
1000,aleatorio,Quick,123552,80100,611530,129056.40354656952,0
1000,aleatorio,JavaSort,110400,83816,164236,23285.134991287898,0
1000,ordenado,Bubble,9668,7084,35957,6854.1058087470465,0
1000,ordenado,Insertion,9011,8336,12834,1118.241113311436,0
1000,ordenado,Selection,363195,336297,392111,12896.51106404364,0
1000,ordenado,Merge,86562,82173,90198,1946.8391048055307,0
1000,ordenado,Quick,64979,60703,79698,4216.499503438842,0
1000,ordenado,JavaSort,30935,30547,32160,379.9207976670927,0
1000,reverso,Bubble,1934519,463123,3189084,1098126.2686887379,0
1000,reverso,Insertion,670913,130112,942156,313487.0972100566,0
1000,reverso,Selection,313609,293828,499191,48609.84470248799,0
1000,reverso,Merge,60783,57016,80650,5326.016587234779,0
1000,reverso,Quick,44108,41527,58559,3994.1299584515273,0
1000,reverso,JavaSort,55777,53050,62046,2692.8982063939957,0
1000,quase,Bubble,434028,414382,454337,11794.524402238523,0
1000,quase,Insertion,24342,18194,37931,7923.970619266581,0
1000,quase,Selection,366683,340555,389686,15593.997042131308,0
1000,quase,Merge,87131,57587,174115,25101.396212412168,0
1000,quase,Quick,41364,37660,49913,4439.754568103962,0
1000,quase,JavaSort,53162,44202,78606,9958.875880966687,0
2000,aleatorio,Bubble,1986971,1760782,2480774,251432.60919130995,0
2000,aleatorio,Insertion,267609,248584,312202,19293.184282279584,0
2000,aleatorio,Selection,1252981,992760,1593761,232541.49542796658,0
2000,aleatorio,Merge,152315,93113,214199,42758.44119951638,0
2000,aleatorio,Quick,112057,107590,133880,6408.801838097353,0
2000,aleatorio,JavaSort,82529,66884,137626,16523.75886791501,0
2000,ordenado,Bubble,2550,2305,3115,202.96951741579326,0
2000,ordenado,Insertion,4396,4178,4559,108.96931907651805,0
2000,ordenado,Selection,1099777,932568,1399957,180114.77752290343,0
2000,ordenado,Merge,81083,59682,114223,23788.022306404542,0
2000,ordenado,Quick,59756,56565,71703,4154.2385809556,0
2000,ordenado,JavaSort,55596,53880,58850,1253.8821465751876,0
2000,reverso,Bubble,3950682,1724374,10778121,2933215.8405657243,0
2000,reverso,Insertion,957143,844284,1976695,274157.8098986741,0
2000,reverso,Selection,1195137,1171804,1321393,35373.358136809686,0
2000,reverso,Merge,79642,61224,119754,21763.206994547014,0
2000,reverso,Quick,69174,64289,92121,7465.15233016045,0
2000,reverso,JavaSort,34342,33051,35136,666.1194055873166,0
2000,quase,Bubble,910589,863980,1141378,69365.56232472278,0
2000,quase,Insertion,72424,67696,110265,11114.782394968423,0
2000,quase,Selection,939745,933470,959499,7382.505143073047,0
2000,quase,Merge,92265,74909,146633,25286.712451898526,0
2000,quase,Quick,91089,78476,108092,11042.21794126977,0
2000,quase,JavaSort,49731,44263,67396,7318.542546163136,0
5000,aleatorio,Bubble,10248754,9235827,16855874,1843462.3213418447,0
5000,aleatorio,Insertion,1744153,1491180,2630567,388486.57845461665,0
5000,aleatorio,Selection,6252021,6026163,6900973,303695.49145772646,0
5000,aleatorio,Merge,490031,417859,592795,68116.70652316141,0
5000,aleatorio,Quick,319417,300230,368587,22557.39999839299,0
5000,aleatorio,JavaSort,190952,178543,228085,15364.166823733072,0
5000,ordenado,Bubble,5601,5109,6151,346.7232325645341,0
5000,ordenado,Insertion,8041,5279,14958,2941.141370709677,0
5000,ordenado,Selection,6155979,5855535,6901134,376190.7863219971,0
5000,ordenado,Merge,177925,168424,210002,12169.14652153141,0
5000,ordenado,Quick,153802,146233,176769,8434.234790424085,0
5000,ordenado,JavaSort,3861,3646,4588,207.37390747150422,0
5000,reverso,Bubble,8001104,7813194,8633654,254826.54826518762,0
5000,reverso,Insertion,3241933,2991115,4048637,362892.2668098275,0
5000,reverso,Selection,8271953,7356513,10769465,1081206.6449593483,0
5000,reverso,Merge,286866,170779,329033,51497.45505301694,0
5000,reverso,Quick,189015,169646,233265,21794.74075035076,0
5000,reverso,JavaSort,8507,8085,9338,287.5260857730999,0
5000,quase,Bubble,6040803,5414073,7650361,764244.2732887339,0
5000,quase,Insertion,403005,381982,468443,26324.720986175715,0
5000,quase,Selection,6394507,5856387,8233438,639146.3406037189,0
5000,quase,Merge,346352,235489,468233,79239.72627098102,0
5000,quase,Quick,232018,214329,279090,21919.445105887145,0
5000,quase,JavaSort,123683,90348,188261,31947.245279327293,0
10000,aleatorio,Bubble,39874000,36799567,61321889,5728409.135779589,0
10000,aleatorio,Insertion,6123473,5980368,6881948,234665.29484645787,0
10000,aleatorio,Selection,24828899,23875586,26220214,823509.1264807725,0
10000,aleatorio,Merge,988057,955190,1066838,32966.70530815902,0
10000,aleatorio,Quick,653868,629975,705044,15239.464354513908,0
10000,aleatorio,JavaSort,493427,440151,639492,70602.88096591739,0
10000,ordenado,Bubble,10941,10529,12012,344.23048238062825,0
10000,ordenado,Insertion,19730,19226,21250,489.0725917489141,0
10000,ordenado,Selection,24223755,23524732,25375322,662417.0789611142,0
10000,ordenado,Merge,465641,350554,818886,154778.46375889154,0
10000,ordenado,Quick,325315,306511,375229,16897.684068386414,0
10000,ordenado,JavaSort,6925,6302,7414,297.31906262464906,0
10000,reverso,Bubble,36169902,32259264,55653783,7402143.294764058,0
10000,reverso,Insertion,21915222,12027409,34875240,7589842.853639049,0
10000,reverso,Selection,30385590,29441721,32684527,1123185.474774063,0
10000,reverso,Merge,673911,351235,2220559,508934.3784802344,0
10000,reverso,Quick,359269,348249,385078,9658.54657156034,0
10000,reverso,JavaSort,15714,14036,16821,764.5873478550375,0
10000,quase,Bubble,23882463,22548862,26533304,1305362.710077021,0
10000,quase,Insertion,1425807,1403185,1471403,21970.16235431591,0
10000,quase,Selection,24020766,23518760,25560166,698962.1124518303,0
10000,quase,Merge,735299,537342,1033096,151579.2740666167,0
10000,quase,Quick,453264,441482,479663,9396.291319584552,0
10000,quase,JavaSort,258047,246029,275995,8421.834665024006,0
